model,variant,cagr,sharpe,turnover,upside_capture,downside_capture,missed_return_while_in_cash,fallback_exposure,selection_status
v2_sma_5_50,long_cash,0.07287547142949213,0.5057339356244603,8.4,0.4655627439415736,0.4713973686564194,0.5724398029645117,0.0,comparison
low_turnover_sma_10_200,long_cash,0.1055078707390289,0.6387696873784521,1.6800000000000002,0.5394838917866193,0.5328574905665066,0.43156207464370955,0.0,comparison
selected_v3,long_cash_hysteresis,0.10995259154422143,0.6595555719999868,1.6800000000000002,0.5448404638485832,0.5361455109076484,0.4095958820048614,0.0,selected_v3
