name,total_return,cagr,ann_volatility,sharpe,sortino,calmar,max_drawdown,trades,win_rate,exposure,turnover,average_trade_return,average_win,average_loss,profit_factor,cost_drag,excess_cagr_vs_benchmark,drawdown_improvement_vs_benchmark
strategy,2.5214678455340036,0.1169887701344956,0.2167408918575776,0.6200419729263426,0.6861650525949985,0.3282501398991094,-0.3564012803481307,41,0.5,0.6624737945492662,3.610062893081761,0.07406257557113875,0.22679460329872053,-0.07866945215644297,2.8828801660867573,0.14729067609899804,-0.13149247985913526,0.028757935376530264
buy_hold,11.49348567561343,0.24848124999363086,0.28692542491669,0.9185533667613093,1.270070056727093,0.6451390486038969,-0.38515921572466094,1,,1.0,0.0,,,,,,,
