regime,days,strategy_return,benchmark_return,upside_capture,downside_capture,capture_spread,average_exposure,fallback_exposure
bear,473,-0.2297222391753223,-0.40713009355802854,0.2913672009576622,0.3213582544934247,-0.02999105353576248,0.386892177589852,0.0
bull,574,0.7061583467686348,1.9335209949052041,0.7966422174901666,0.9397850445806374,-0.14314282709047077,0.8606271777003485,0.0
correction,96,-0.19542614759241372,-0.25673780535801893,0.2407139718458886,0.44252208708323837,-0.20180811523734976,0.3958333333333333,0.0
recovery,49,0.1400984810671977,0.3561394377116467,0.593487916590919,0.9269701194376889,-0.3334822028467699,0.7755102040816326,0.0
sideways,171,0.13122787000383163,0.3679605487668214,0.6230645240176423,0.7049244607729537,-0.08185993675531134,0.6432748538011696,0.0
